City,DirectWikimediaImageURL
Coorg,EMPTY
Jaipur,EMPTY
Kanyakumari,EMPTY
Agra,EMPTY
Trivandrum,EMPTY
Varkala,EMPTY
Varanasi,EMPTY
Kodaikanal,https://upload.wikimedia.org/wikipedia/commons/d/da/Boating_in_Kodaikanal_Lake_with_Mist.jpg?utm_source=en.wikipedia.org&utm_campaign=api&utm_content=original
Mahabalipuram,https://upload.wikimedia.org/wikipedia/commons/d/d7/A_collage_of_Mamallapuram_town_Tamil_Nadu_India.jpg?utm_source=en.wikipedia.org&utm_campaign=api&utm_content=original
Chennai,https://upload.wikimedia.org/wikipedia/commons/3/32/Chennai_Central.jpg?utm_source=en.wikipedia.org&utm_campaign=api&utm_content=original
Udaipur,EMPTY
Hyderabad,https://upload.wikimedia.org/wikipedia/commons/thumb/5/57/Aerial_view_of_Durgam_cheruvu_and_Hitech_CIty.jpg/1280px-Aerial_view_of_Durgam_cheruvu_and_Hitech_CIty.jpg?utm_source=en.wikipedia.org&utm_campaign=api&utm_content=thumbnail
Jodhpur,EMPTY
Bangalore,EMPTY
Jaisalmer,EMPTY
Gokarna,EMPTY
Pushkar,EMPTY
Kolkata,EMPTY
Manali,EMPTY
Darjeeling,EMPTY
Gangtok,EMPTY
Shimla,EMPTY
Shillong,EMPTY
Rishikesh,EMPTY
Cherrapunji,EMPTY
Amritsar,EMPTY
Kaziranga,EMPTY
Leh,EMPTY
Puri,EMPTY
Srinagar,EMPTY
Bhubaneswar,EMPTY
Dharamshala,EMPTY
Konark,EMPTY
Mussoorie,EMPTY
Mumbai,EMPTY
Nainital,EMPTY
Pune,EMPTY
Haridwar,EMPTY
Lonavala,EMPTY
Mathura,EMPTY
Mahabaleshwar,EMPTY
Vrindavan,EMPTY
Ahmedabad,EMPTY
Rann of Kutch,EMPTY
Khajuraho,EMPTY
Indore,https://upload.wikimedia.org/wikipedia/commons/thumb/e/e1/Indore_Rajwada01.jpg/1280px-Indore_Rajwada01.jpg?utm_source=en.wikipedia.org&utm_campaign=api&utm_content=thumbnail
Alleppey,https://upload.wikimedia.org/wikipedia/commons/thumb/e/e4/Alappuzha_Boat_Beauty_W.jpg/1280px-Alappuzha_Boat_Beauty_W.jpg?utm_source=en.wikipedia.org&utm_campaign=api&utm_content=thumbnail
Bhopal,EMPTY
Munnar,EMPTY
Ujjain,EMPTY
Kochi,EMPTY
Gwalior,EMPTY
Mysore,EMPTY
Orchha,EMPTY
Hampi,EMPTY
Pachmarhi,EMPTY
Ooty,EMPTY
Lucknow,EMPTY
Pondicherry,EMPTY
Ayodhya,EMPTY
Madurai,EMPTY
Prayagraj,EMPTY
Wayanad,EMPTY
Chittorgarh,EMPTY
Coorg,EMPTY
Bikaner,EMPTY
Kanyakumari,EMPTY
Mount Abu,EMPTY
Trivandrum,EMPTY
Ranthambore,EMPTY
Varkala,EMPTY
Alwar,EMPTY
Kodaikanal,EMPTY
Kumbhalgarh,EMPTY
Mahabalipuram,EMPTY
Bundi,EMPTY
Chennai,EMPTY
Chandigarh,EMPTY
Hyderabad,EMPTY
Dalhousie,EMPTY
Bangalore,EMPTY
Kasauli,EMPTY
Gokarna,EMPTY
Spiti Valley,EMPTY
Kolkata,https://upload.wikimedia.org/wikipedia/commons/d/d7/Kolkata_maidan.jpg?utm_source=en.wikipedia.org&utm_campaign=api&utm_content=original
Auli,EMPTY
Darjeeling,https://upload.wikimedia.org/wikipedia/commons/thumb/9/96/DarjeelingTrainFruitshop_%282%29.jpg/1280px-DarjeelingTrainFruitshop_%282%29.jpg?utm_source=en.wikipedia.org&utm_campaign=api&utm_content=thumbnail
Gangtok,https://upload.wikimedia.org/wikipedia/commons/thumb/0/0a/Kangch-Goechala.jpg/1280px-Kangch-Goechala.jpg?utm_source=en.wikipedia.org&utm_campaign=api&utm_content=thumbnail
Ranikhet,EMPTY
Shillong,EMPTY
Almora,EMPTY
Cherrapunji,EMPTY
Lansdowne,EMPTY
Kaziranga,EMPTY
Puri,EMPTY
Gulmarg,EMPTY
Pahalgam,EMPTY
Bhubaneswar,EMPTY
Sonamarg,EMPTY
Konark,EMPTY
Tawang,EMPTY
Mumbai,EMPTY
Guwahati,EMPTY
Pune,EMPTY
Kohima,EMPTY
Lonavala,EMPTY
Mahabaleshwar,EMPTY
Imphal,EMPTY
Ahmedabad,EMPTY
Aizawl,EMPTY
Agartala,EMPTY
Rann of Kutch,EMPTY
Kalimpong,EMPTY
Indore,EMPTY
Pelling,EMPTY
Bhopal,EMPTY
Majuli,EMPTY
Ujjain,EMPTY
Ziro Valley,EMPTY
Gwalior,EMPTY
Port Blair,EMPTY
Orchha,https://upload.wikimedia.org/wikipedia/commons/thumb/4/48/Chaturbhuj_Temple%2C_Orchha.jpg/1280px-Chaturbhuj_Temple%2C_Orchha.jpg?utm_source=en.wikipedia.org&utm_campaign=api&utm_content=thumbnail
Havelock Island,https://upload.wikimedia.org/wikipedia/commons/thumb/6/63/Havelock%2C_Andaman_%26_Nicobar_Islands.JPG/1280px-Havelock%2C_Andaman_%26_Nicobar_Islands.JPG?utm_source=en.wikipedia.org&utm_campaign=api&utm_content=thumbnail
Neil Island,EMPTY
Pachmarhi,EMPTY
Kavaratti,EMPTY
Lucknow,EMPTY
Bangaram Island,EMPTY
Ayodhya,EMPTY
Nandi Hills,EMPTY
Prayagraj,EMPTY
Chikmagalur,EMPTY
Chittorgarh,EMPTY
Bandipur,EMPTY
Bikaner,EMPTY
Kabini,EMPTY
Mount Abu,EMPTY
Badami,EMPTY
Ranthambore,EMPTY
Pattadakal,EMPTY
Alwar,EMPTY
Aihole,EMPTY
Kumbhalgarh,EMPTY
Murudeshwar,EMPTY
Bundi,EMPTY
Udupi,EMPTY
Chandigarh,EMPTY
Dandeli,EMPTY
Dalhousie,EMPTY
Agumbe,EMPTY
Kasauli,EMPTY
Yercaud,EMPTY
Spiti Valley,EMPTY
Yelagiri,EMPTY
Auli,EMPTY
Valparai,EMPTY
Ranikhet,EMPTY
Chettinad,EMPTY
Almora,EMPTY
Thanjavur,https://upload.wikimedia.org/wikipedia/commons/thumb/8/81/Thanjavur_2.jpg/1280px-Thanjavur_2.jpg?utm_source=en.wikipedia.org&utm_campaign=api&utm_content=thumbnail
Rameshwaram,https://upload.wikimedia.org/wikipedia/commons/thumb/2/23/Rameswaram_Morning.jpg/1280px-Rameswaram_Morning.jpg?utm_source=en.wikipedia.org&utm_campaign=api&utm_content=thumbnail
Lansdowne,EMPTY
Tirupati,EMPTY
Gulmarg,EMPTY
Vizag,EMPTY
Pahalgam,EMPTY
Araku Valley,EMPTY
Sonamarg,EMPTY
Horsley Hills,EMPTY
Tawang,EMPTY
Warangal,EMPTY
Guwahati,EMPTY
Vijayawada,EMPTY
Kohima,EMPTY
Kakinada,EMPTY
Imphal,EMPTY
Rajahmundry,EMPTY
Aizawl,EMPTY
Guntur,EMPTY
Agartala,EMPTY
Nellore,EMPTY
Kalimpong,EMPTY
Anantapur,EMPTY
Pelling,EMPTY
Majuli,EMPTY
Kurnool,EMPTY
Ziro Valley,EMPTY
Srikakulam,EMPTY
Port Blair,EMPTY
Eluru,EMPTY
Havelock Island,EMPTY
Nizamabad,EMPTY
Neil Island,EMPTY
Khammam,EMPTY
Kavaratti,EMPTY
Karimnagar,EMPTY
Bangaram Island,EMPTY
Ramagundam,EMPTY
Nandi Hills,https://upload.wikimedia.org/wikipedia/commons/thumb/1/19/Sunrise_at_Nandi_Hills.jpg/1280px-Sunrise_at_Nandi_Hills.jpg?utm_source=en.wikipedia.org&utm_campaign=api&utm_content=thumbnail
Chikmagalur,EMPTY
Mahbubnagar,EMPTY
Bandipur,EMPTY
Nalgonda,EMPTY
Kabini,EMPTY
Adilabad,EMPTY
Badami,EMPTY
Suryapet,EMPTY
Pattadakal,EMPTY
Jabalpur,EMPTY
Kanha National Park,EMPTY
Aihole,EMPTY
Bandhavgarh National Park,EMPTY
Murudeshwar,EMPTY
Pench National Park,EMPTY
Udupi,EMPTY
Mandu,EMPTY
Dandeli,EMPTY
Raipur,EMPTY
Agumbe,EMPTY
Jagdalpur,EMPTY
Yercaud,EMPTY
Bilaspur,EMPTY
Yelagiri,EMPTY
Korba,EMPTY
Valparai,EMPTY
Durg,EMPTY
Chettinad,EMPTY
Cuttack,EMPTY
Gopalpur,EMPTY
Thanjavur,EMPTY
Daringbadi,https://upload.wikimedia.org/wikipedia/commons/thumb/5/5e/Lover%27s_point%2C_Daringbadi.jpg/1280px-Lover%27s_point%2C_Daringbadi.jpg?utm_source=en.wikipedia.org&utm_campaign=api&utm_content=thumbnail
Rameshwaram,https://upload.wikimedia.org/wikipedia/commons/thumb/2/23/Rameswaram_Morning.jpg/1280px-Rameswaram_Morning.jpg?utm_source=en.wikipedia.org&utm_campaign=api&utm_content=thumbnail
Tirupati,https://upload.wikimedia.org/wikipedia/commons/thumb/4/4e/Tirumala_090615.jpg/1280px-Tirumala_090615.jpg?utm_source=en.wikipedia.org&utm_campaign=api&utm_content=thumbnail
Sambalpur,EMPTY
Vizag,EMPTY
Rourkela,EMPTY
Araku Valley,EMPTY
Baripada,EMPTY
Horsley Hills,EMPTY
Digha,EMPTY
Warangal,EMPTY
Mandarmani,EMPTY
Sundarbans,EMPTY
Vijayawada,EMPTY
Kakinada,EMPTY
Shantiniketan,EMPTY
Rajahmundry,EMPTY
Bishnupur,EMPTY
Siliguri,EMPTY
Guntur,EMPTY
Murshidabad,EMPTY
Nellore,EMPTY
Bodh Gaya,EMPTY
Anantapur,EMPTY
Patna,EMPTY
Kurnool,EMPTY
Nalanda,EMPTY
Srikakulam,EMPTY
Rajgir,EMPTY
Eluru,EMPTY
Vaishali,EMPTY
Nizamabad,EMPTY
Bhagalpur,EMPTY
Khammam,EMPTY
Gaya,EMPTY
Karimnagar,EMPTY
Ranchi,https://upload.wikimedia.org/wikipedia/commons/thumb/d/d6/Ranchi_Cityscape.jpg/1280px-Ranchi_Cityscape.jpg?utm_source=en.wikipedia.org&utm_campaign=api&utm_content=thumbnail
Ramagundam,EMPTY
Netarhat,EMPTY
Deoghar,https://upload.wikimedia.org/wikipedia/commons/9/90/Baba_Baidyanath_Jyotirlinga_Temple.jpg?utm_source=en.wikipedia.org&utm_campaign=api&utm_content=original
Mahbubnagar,https://upload.wikimedia.org/wikipedia/commons/thumb/c/c8/Mahabubnagar_IT_Tower.jpg/1280px-Mahabubnagar_IT_Tower.jpg?utm_source=en.wikipedia.org&utm_campaign=api&utm_content=thumbnail
Jamshedpur,https://upload.wikimedia.org/wikipedia/commons/b/b2/Green_City_Jamshedpur.jpg?utm_source=en.wikipedia.org&utm_campaign=api&utm_content=original
Nalgonda,EMPTY
Dhanbad,EMPTY
Adilabad,EMPTY
Hazaribagh,EMPTY
Suryapet,EMPTY
Shirdi,EMPTY
Jabalpur,EMPTY
Nashik,EMPTY
Kanha National Park,EMPTY
Aurangabad,EMPTY
Bandhavgarh National Park,EMPTY
Alibaug,EMPTY
Pench National Park,EMPTY
Panchgani,EMPTY
Mandu,EMPTY
Matheran,EMPTY
Raipur,EMPTY
Lavasa,EMPTY
Jagdalpur,EMPTY
Ganpatipule,EMPTY
Bilaspur,EMPTY
Tarkarli,EMPTY
Korba,EMPTY
Kohlapur,EMPTY
Durg,EMPTY
Solapur,EMPTY
Cuttack,EMPTY
Satara,EMPTY
Gopalpur,EMPTY
Ratnagiri,EMPTY
Daringbadi,EMPTY
Karjad,EMPTY
Sambalpur,EMPTY
Dwarka,https://upload.wikimedia.org/wikipedia/commons/0/0c/Dwarakadheesh_Temple%2C_2014.jpg?utm_source=en.wikipedia.org&utm_campaign=api&utm_content=original
Rourkela,https://upload.wikimedia.org/wikipedia/commons/thumb/1/1e/RSP_Administrative_Building.png/1280px-RSP_Administrative_Building.png?utm_source=en.wikipedia.org&utm_campaign=api&utm_content=thumbnail
Somnath,https://upload.wikimedia.org/wikipedia/commons/thumb/1/10/Somanath_mandir_%28cropped%29.jpg/1280px-Somanath_mandir_%28cropped%29.jpg?utm_source=en.wikipedia.org&utm_campaign=api&utm_content=thumbnail
Gir National Park,https://upload.wikimedia.org/wikipedia/commons/9/90/Gir_lion-Gir_forest%2Cjunagadh%2Cgujarat%2Cindia.jpeg?utm_source=en.wikipedia.org&utm_campaign=api&utm_content=original
Baripada,EMPTY
Vadodara,EMPTY
Digha,EMPTY
Surat,EMPTY
Mandarmani,EMPTY
Bhuj,EMPTY
Sundarbans,EMPTY
Statue of Unity,EMPTY
Shantiniketan,EMPTY
Saputara,EMPTY
Bishnupur,EMPTY
Junagadh,EMPTY
Siliguri,EMPTY
Jamnagar,EMPTY
Murshidabad,EMPTY
Bhavnagar,EMPTY
Bodh Gaya,EMPTY
Gandhinagar,EMPTY
Patna,EMPTY
Porbandar,EMPTY
Nalanda,EMPTY
Anand,EMPTY
Rajgir,EMPTY
Silvassa,EMPTY
Vaishali,EMPTY
Bhagalpur,EMPTY
Gaya,EMPTY
Ranchi,EMPTY
Netarhat,EMPTY
Deoghar,https://upload.wikimedia.org/wikipedia/commons/9/90/Baba_Baidyanath_Jyotirlinga_Temple.jpg?utm_source=en.wikipedia.org&utm_campaign=api&utm_content=original
Jamshedpur,https://upload.wikimedia.org/wikipedia/commons/b/b2/Green_City_Jamshedpur.jpg?utm_source=en.wikipedia.org&utm_campaign=api&utm_content=original
Dhanbad,https://upload.wikimedia.org/wikipedia/commons/thumb/b/b3/Skyline_of_dhanbad.jpg/1280px-Skyline_of_dhanbad.jpg?utm_source=en.wikipedia.org&utm_campaign=api&utm_content=thumbnail
Hazaribagh,EMPTY
Shirdi,EMPTY
Nashik,EMPTY
Aurangabad,EMPTY
Alibaug,EMPTY
Panchgani,EMPTY
Matheran,EMPTY
Lavasa,EMPTY
Ganpatipule,EMPTY
Tarkarli,EMPTY
Kohlapur,EMPTY
Solapur,EMPTY
Satara,EMPTY
Ratnagiri,EMPTY
Karjad,EMPTY
Dwarka,EMPTY
Somnath,EMPTY
Gir National Park,https://upload.wikimedia.org/wikipedia/commons/9/90/Gir_lion-Gir_forest%2Cjunagadh%2Cgujarat%2Cindia.jpeg?utm_source=en.wikipedia.org&utm_campaign=api&utm_content=original
Vadodara,https://upload.wikimedia.org/wikipedia/commons/thumb/b/bd/LakshmiVilas_Palace.jpg/1280px-LakshmiVilas_Palace.jpg?utm_source=en.wikipedia.org&utm_campaign=api&utm_content=thumbnail
Surat,https://upload.wikimedia.org/wikipedia/commons/thumb/4/47/Bharthana_Althan_area.jpg/1280px-Bharthana_Althan_area.jpg?utm_source=en.wikipedia.org&utm_campaign=api&utm_content=thumbnail
Bhuj,https://upload.wikimedia.org/wikipedia/commons/thumb/8/83/Pragmahal_Bhuj_Kutch_Gujarat.jpg/1280px-Pragmahal_Bhuj_Kutch_Gujarat.jpg?utm_source=en.wikipedia.org&utm_campaign=api&utm_content=thumbnail
Statue of Unity,EMPTY
Saputara,https://upload.wikimedia.org/wikipedia/commons/thumb/5/57/Lake_Saputara.jpg/1280px-Lake_Saputara.jpg?utm_source=en.wikipedia.org&utm_campaign=api&utm_content=thumbnail
Junagadh,EMPTY
Jamnagar,EMPTY
Bhavnagar,EMPTY
Gandhinagar,EMPTY
Porbandar,EMPTY
Anand,EMPTY
Silvassa,EMPTY
